Census Tract,Total Population,ZIP,Nearby City,Longitude,Latitude,Drinking Water,geometry
6037204920,2639,90023,Los Angeles,-118.1974975,34.0175004,766.84,POINT (-118.1974975 34.0175004)
6037226002,1754,90021,Los Angeles,-118.2477686,34.0326196,766.84,POINT (-118.2477686 34.0326196)
6037206050,2010,90023,Los Angeles,-118.2244531,34.0299036,766.84,POINT (-118.2244531 34.0299036)
6037531302,6142,90023,Los Angeles,-118.1827241,34.0169019,824.22,POINT (-118.1827241 34.0169019)
6037532302,4819,90023,Los Angeles,-118.1751711,34.0096885,677.2,POINT (-118.1751711 34.0096885)
6037203300,1982,90033,Los Angeles,-118.2077883,34.0588723,774.24,POINT (-118.2077883 34.0588723)
6037239330,2689,90001,Los Angeles,-118.2631029,33.9783876,766.84,POINT (-118.2631029 33.9783876)
6037535400,3345,90002,Los Angeles,-118.2314205,33.947117,865.02,POINT (-118.2314205 33.947117)
6037227010,5552,90011,Los Angeles,-118.2469968,34.0185256,766.84,POINT (-118.2469968 34.0185256)
6037205120,3521,90023,Los Angeles,-118.2117956,34.0187546,766.84,POINT (-118.2117956 34.0187546)
6037240500,7466,90003,Los Angeles,-118.275663,33.9469248,766.84,POINT (-118.275663 33.9469248)
6037226001,2531,90021,Los Angeles,-118.2502739,34.0244835,766.84,POINT (-118.2502739 34.0244835)
6037239202,5682,90001,Los Angeles,-118.2649765,33.9856783,766.84,POINT (-118.2649765 33.9856783)
6037243100,6490,90059,Los Angeles,-118.2350934,33.9327963,766.84,POINT (-118.2350934 33.9327963)
6037239201,3913,90003,Los Angeles,-118.2771699,33.9857805,766.84,POINT (-118.2771699 33.9857805)
6037242600,4745,90059,Los Angeles,-118.2502423,33.932376,766.84,POINT (-118.2502423 33.932376)
6037531301,4972,90023,Los Angeles,-118.1822336,34.0217436,838.03,POINT (-118.1822336 34.0217436)
6037540400,2687,90059,Los Angeles,-118.2282398,33.9326754,824.23,POINT (-118.2282398 33.9326754)
6037228900,2650,90058,Los Angeles,-118.2430143,33.9920544,766.84,POINT (-118.2430143 33.9920544)
6037203500,2984,90033,Los Angeles,-118.2185819,34.057226,739.63,POINT (-118.2185819 34.057226)
6037239501,3622,90001,Los Angeles,-118.2628927,33.9729857,766.84,POINT (-118.2628927 33.9729857)
6037532304,4176,90040,Los Angeles,-118.1526793,33.9862905,700,POINT (-118.1526793 33.9862905)
6037242700,5945,90059,Los Angeles,-118.2426486,33.9363535,766.84,POINT (-118.2426486 33.9363535)
6037239702,4096,90003,Los Angeles,-118.2750006,33.962202,766.84,POINT (-118.2750006 33.962202)
6037530700,2354,90063,Los Angeles,-118.183979,34.0592143,906.59,POINT (-118.183979 34.0592143)
6037241001,4429,90061,Los Angeles,-118.2679732,33.9296426,784,POINT (-118.2679732 33.9296426)
6037206032,5185,90033,Los Angeles,-118.2246242,34.046259,766.84,POINT (-118.2246242 34.046259)
6037540901,4694,90061,Los Angeles,-118.2717325,33.9194635,580.58,POINT (-118.2717325 33.9194635)
6037205110,3861,90023,Los Angeles,-118.2142985,34.0245059,766.84,POINT (-118.2142985 34.0245059)
6037240200,5311,90003,Los Angeles,-118.2761415,33.9560337,766.84,POINT (-118.2761415 33.9560337)
6037241120,5137,90061,Los Angeles,-118.2768346,33.9364442,766.84,POINT (-118.2768346 33.9364442)
6037241002,4065,90059,Los Angeles,-118.2614031,33.925262,781.56,POINT (-118.2614031 33.925262)
6037204600,4121,90023,Los Angeles,-118.2158297,34.0366414,766.84,POINT (-118.2158297 34.0366414)
6037204700,5676,90023,Los Angeles,-118.2124515,34.0309821,803.81,POINT (-118.2124515 34.0309821)
6037532800,4334,90001,Los Angeles,-118.2520926,33.9864059,680.78,POINT (-118.2520926 33.9864059)
6037540700,3281,90059,Los Angeles,-118.2453429,33.9255436,404.08,POINT (-118.2453429 33.9255436)
6037185320,2970,90065,Los Angeles,-118.2242419,34.0887194,748.5,POINT (-118.2242419 34.0887194)
6037239701,5015,90003,Los Angeles,-118.2752632,33.966092,766.84,POINT (-118.2752632 33.966092)
6037241400,3644,90061,Los Angeles,-118.2755609,33.92558,781.37,POINT (-118.2755609 33.92558)
6037240600,6325,90003,Los Angeles,-118.2684059,33.946945,766.84,POINT (-118.2684059 33.946945)
6037602801,3255,90044,Los Angeles,-118.3001717,33.927402,371.35,POINT (-118.3001717 33.927402)
6037219902,3799,90016,Los Angeles,-118.368517,34.02931,733.37,POINT (-118.368517 34.02931)
6037204810,5462,90023,Los Angeles,-118.2030018,34.0285553,748.34,POINT (-118.2030018 34.0285553)
6037204420,3094,90033,Los Angeles,-118.2116197,34.0445316,803.08,POINT (-118.2116197 34.0445316)
6037239601,3629,90003,Los Angeles,-118.2752977,33.9728371,766.84,POINT (-118.2752977 33.9728371)
6037219901,4165,90016,Los Angeles,-118.3605226,34.0297377,766.84,POINT (-118.3605226 34.0297377)
6037530500,3738,90022,Los Angeles,-118.165883,34.0387595,829.15,POINT (-118.165883 34.0387595)
6037240900,6355,90059,Los Angeles,-118.2606543,33.9346821,782.72,POINT (-118.2606543 33.9346821)
6037228100,5476,90011,Los Angeles,-118.2439607,34.009617,766.84,POINT (-118.2439607 34.009617)
6037228800,5901,90058,Los Angeles,-118.2432565,33.9992469,766.84,POINT (-118.2432565 33.9992469)
6037206010,3943,90012,Los Angeles,-118.2302769,34.06898,766.84,POINT (-118.2302769 34.06898)
6037239310,4026,90003,Los Angeles,-118.2773062,33.9785291,766.84,POINT (-118.2773062 33.9785291)
6037533001,4270,90001,Los Angeles,-118.24555,33.9802221,538.02,POINT (-118.24555 33.9802221)
6037204910,3263,90023,Los Angeles,-118.1955701,34.0248828,790.2,POINT (-118.1955701 34.0248828)
6037533002,2647,90001,Los Angeles,-118.2391487,33.9774904,538.02,POINT (-118.2391487 33.9774904)
6037204820,2146,90023,Los Angeles,-118.2058412,34.0238161,766.84,POINT (-118.2058412 34.0238161)
6037199000,5479,90031,Los Angeles,-118.2197131,34.0800585,797.17,POINT (-118.2197131 34.0800585)
6037199900,2799,90031,Los Angeles,-118.2115758,34.0650794,819.22,POINT (-118.2115758 34.0650794)
6037240010,3697,90002,Los Angeles,-118.2637832,33.9583159,810.88,POINT (-118.2637832 33.9583159)
6037242200,6183,90002,Los Angeles,-118.2391843,33.9486636,804.91,POINT (-118.2391843 33.9486636)
6037239602,3805,90003,Los Angeles,-118.2749023,33.9694507,766.84,POINT (-118.2749023 33.9694507)
6037535101,7773,90001,Los Angeles,-118.2488118,33.9644276,683.28,POINT (-118.2488118 33.9644276)
6037206200,3971,90012,Los Angeles,-118.2415978,34.046994,766.84,POINT (-118.2415978 34.046994)
6037241202,5436,90044,Los Angeles,-118.2857509,33.9334324,789.69,POINT (-118.2857509 33.9334324)
6037532900,7226,90001,Los Angeles,-118.2520343,33.9790503,682,POINT (-118.2520343 33.9790503)
6037199700,3119,90031,Los Angeles,-118.2202429,34.0678503,766.84,POINT (-118.2202429 34.0678503)
6037532700,3408,90001,Los Angeles,-118.2413457,33.9852598,538.02,POINT (-118.2413457 33.9852598)
6037227020,3647,90011,Los Angeles,-118.251933,34.0157537,766.84,POINT (-118.251933 34.0157537)
6037208000,7646,90026,Los Angeles,-118.2560631,34.0625684,766.84,POINT (-118.2560631 34.0625684)
6037242100,2778,90002,Los Angeles,-118.2336329,33.945396,812.38,POINT (-118.2336329 33.945396)
6037187102,3897,90039,Los Angeles,-118.2514556,34.1090483,694.04,POINT (-118.2514556 34.1090483)
6037530601,2995,90063,Los Angeles,-118.1755967,34.0539591,674.82,POINT (-118.1755967 34.0539591)
6037535200,5850,90002,Los Angeles,-118.2508919,33.9512593,684.3,POINT (-118.2508919 33.9512593)
6037229100,5232,90011,Los Angeles,-118.2520958,33.9921607,766.84,POINT (-118.2520958 33.9921607)
6037186401,3437,90065,Los Angeles,-118.2455126,34.1174815,486.4,POINT (-118.2455126 34.1174815)
6037228720,4835,90011,Los Angeles,-118.2499406,33.999367,766.84,POINT (-118.2499406 33.999367)
6037535300,6146,90001,Los Angeles,-118.2361363,33.9615844,623.39,POINT (-118.2361363 33.9615844)
6037532303,4515,90040,Los Angeles,-118.1463431,34.0003294,646.92,POINT (-118.1463431 34.0003294)
6037531504,4280,90022,Los Angeles,-118.1673915,34.0282174,674.82,POINT (-118.1673915 34.0282174)
6037218400,4978,90016,Los Angeles,-118.3592342,34.0369278,766.84,POINT (-118.3592342 34.0369278)
6037203100,4426,90033,Los Angeles,-118.1964766,34.059079,486.4,POINT (-118.1964766 34.059079)
6037237202,4593,90047,Los Angeles,-118.3100903,33.9863341,766.84,POINT (-118.3100903 33.9863341)
6037540600,4971,90059,Los Angeles,-118.2341162,33.9243583,600.39,POINT (-118.2341162 33.9243583)
6037229420,4942,90011,Los Angeles,-118.2608177,33.9925311,801.17,POINT (-118.2608177 33.9925311)
6037232120,5987,90037,Los Angeles,-118.2839315,33.9996748,766.84,POINT (-118.2839315 33.9996748)
6037240020,5232,90002,Los Angeles,-118.2638081,33.9542444,810.74,POINT (-118.2638081 33.9542444)
6037229410,3571,90011,Los Angeles,-118.2695618,33.9922359,766.84,POINT (-118.2695618 33.9922359)
6037195802,2817,90026,Los Angeles,-118.2776959,34.0756705,766.84,POINT (-118.2776959 34.0756705)
6037535001,4288,90001,Los Angeles,-118.2531399,33.9714062,681.94,POINT (-118.2531399 33.9714062)
6037208302,4741,90026,Los Angeles,-118.2624816,34.0634788,766.84,POINT (-118.2624816 34.0634788)
6037204300,4986,90033,Los Angeles,-118.2078724,34.0387492,716.31,POINT (-118.2078724 34.0387492)
6037535102,4931,90002,Los Angeles,-118.2488361,33.9587246,538.02,POINT (-118.2488361 33.9587246)
6037232800,4086,90037,Los Angeles,-118.2771882,33.9923979,766.84,POINT (-118.2771882 33.9923979)
6037239320,4179,90003,Los Angeles,-118.2717384,33.9785676,766.84,POINT (-118.2717384 33.9785676)
6037228210,4160,90011,Los Angeles,-118.2534818,34.010412,766.84,POINT (-118.2534818 34.010412)
6037241201,2937,90044,Los Angeles,-118.2858348,33.9402403,788.47,POINT (-118.2858348 33.9402403)
6037291110,4059,90044,Los Angeles,-118.2868209,33.9200912,785.63,POINT (-118.2868209 33.9200912)
6037242000,4054,90002,Los Angeles,-118.2502155,33.9392821,720.83,POINT (-118.2502155 33.9392821)
6037207103,2324,90012,Los Angeles,-118.2392725,34.0644824,766.84,POINT (-118.2392725 34.0644824)
6037218500,2557,90016,Los Angeles,-118.3505675,34.0373844,766.84,POINT (-118.3505675 34.0373844)
6037531702,4725,90022,Los Angeles,-118.1597749,34.0158731,670.39,POINT (-118.1597749 34.0158731)
6037219800,2810,90016,Los Angeles,-118.3547601,34.029939,766.84,POINT (-118.3547601 34.029939)
6037224010,2672,90015,Los Angeles,-118.2658977,34.0367637,766.84,POINT (-118.2658977 34.0367637)
6037226420,5345,90011,Los Angeles,-118.2570623,34.0218419,766.84,POINT (-118.2570623 34.0218419)
6037186403,2743,90065,Los Angeles,-118.2394938,34.1118266,486.4,POINT (-118.2394938 34.1118266)
6037242300,5103,90002,Los Angeles,-118.2461145,33.948506,804.04,POINT (-118.2461145 33.948506)
6037239802,5623,90001,Los Angeles,-118.2629489,33.962408,766.84,POINT (-118.2629489 33.962408)
6037243000,7379,90002,Los Angeles,-118.2336919,33.9395183,714.88,POINT (-118.2336919 33.9395183)
6037232500,4700,90062,Los Angeles,-118.3108167,33.9920834,766.84,POINT (-118.3108167 33.9920834)
6037240300,5803,90044,Los Angeles,-118.2861229,33.9564095,788.21,POINT (-118.2861229 33.9564095)
6037206300,5702,90013,Los Angeles,-118.2432134,34.0411108,766.84,POINT (-118.2432134 34.0411108)
6037221401,3618,90018,Los Angeles,-118.3132694,34.033886,766.84,POINT (-118.3132694 34.033886)
6037203600,5238,90033,Los Angeles,-118.2095139,34.0513395,486.4,POINT (-118.2095139 34.0513395)
6037229300,5753,90011,Los Angeles,-118.2706778,33.9979135,766.84,POINT (-118.2706778 33.9979135)
6037199201,3650,90031,Los Angeles,-118.211907,34.0762204,791.8,POINT (-118.211907 34.0762204)
6037191620,2691,90029,Los Angeles,-118.3027253,34.0885866,766.84,POINT (-118.3027253 34.0885866)
6037204410,2309,90033,Los Angeles,-118.2152707,34.0461881,803.39,POINT (-118.2152707 34.0461881)
6037226410,3501,90011,Los Angeles,-118.2622815,34.0241996,766.84,POINT (-118.2622815 34.0241996)
6037232700,6588,90037,Los Angeles,-118.2858532,33.9923462,766.84,POINT (-118.2858532 33.9923462)
6037191500,5776,90029,Los Angeles,-118.296037,34.0872608,766.84,POINT (-118.296037 34.0872608)
6037535002,3735,90001,Los Angeles,-118.2465194,33.9711665,538.02,POINT (-118.2465194 33.9711665)
6037531503,2802,90063,Los Angeles,-118.174744,34.0294089,674.82,POINT (-118.174744 34.0294089)
6037191810,3417,90038,Los Angeles,-118.3277122,34.088924,766.84,POINT (-118.3277122 34.088924)
6037207102,2866,90012,Los Angeles,-118.2395097,34.0592851,766.84,POINT (-118.2395097 34.0592851)
6037238320,4090,90044,Los Angeles,-118.2861548,33.9621528,766.84,POINT (-118.2861548 33.9621528)
6037240700,6367,90002,Los Angeles,-118.2593919,33.9470153,816.22,POINT (-118.2593919 33.9470153)
6037531602,4613,90022,Los Angeles,-118.1647906,34.0186759,673.32,POINT (-118.1647906 34.0186759)
6037220100,2901,90016,Los Angeles,-118.3651555,34.0251238,766.84,POINT (-118.3651555 34.0251238)
6037238310,5018,90044,Los Angeles,-118.2861074,33.9660436,766.84,POINT (-118.2861074 33.9660436)
6037224600,3323,90007,Los Angeles,-118.2718023,34.0222989,766.84,POINT (-118.2718023 34.0222989)
6037534900,6209,90001,Los Angeles,-118.2367913,33.9707698,623.7,POINT (-118.2367913 33.9707698)
6037240800,4296,90002,Los Angeles,-118.261893,33.9397052,766.84,POINT (-118.261893 33.9397052)
6037224200,2613,90015,Los Angeles,-118.2767157,34.0406231,766.84,POINT (-118.2767157 34.0406231)
6037240402,4107,90044,Los Angeles,-118.2854788,33.9446893,788.01,POINT (-118.2854788 33.9446893)
6037228420,3160,90011,Los Angeles,-118.2718914,34.0082598,766.84,POINT (-118.2718914 34.0082598)
6037530801,4940,90063,Los Angeles,-118.1883898,34.0508765,791.92,POINT (-118.1883898 34.0508765)
6037540902,4853,90061,Los Angeles,-118.2718223,33.9109785,321.46,POINT (-118.2718223 33.9109785)
6037226700,7640,90011,Los Angeles,-118.2621294,34.0173502,766.84,POINT (-118.2621294 34.0173502)
6037199800,5428,90031,Los Angeles,-118.2103403,34.0706563,813.25,POINT (-118.2103403 34.0706563)
6037237101,4131,90044,Los Angeles,-118.2913772,33.9856234,766.84,POINT (-118.2913772 33.9856234)
6037531000,5132,90063,Los Angeles,-118.1739023,34.0407632,751.14,POINT (-118.1739023 34.0407632)
6037231100,3339,90007,Los Angeles,-118.2765579,34.0152478,766.84,POINT (-118.2765579 34.0152478)
6037190801,2693,90028,Los Angeles,-118.3244586,34.0943767,766.84,POINT (-118.3244586 34.0943767)
6037195710,4603,90026,Los Angeles,-118.2686024,34.0747292,766.84,POINT (-118.2686024 34.0747292)
6037192620,3747,90004,Los Angeles,-118.2960541,34.0776717,766.84,POINT (-118.2960541 34.0776717)
6037191720,3459,90038,Los Angeles,-118.3123611,34.0887897,766.84,POINT (-118.3123611 34.0887897)
6037185203,3609,90065,Los Angeles,-118.2316884,34.1001272,486.4,POINT (-118.2316884 34.1001272)
6037530602,1431,90063,Los Angeles,-118.1716259,34.0527788,826.55,POINT (-118.1716259 34.0527788)
6037531101,4973,90063,Los Angeles,-118.1885025,34.0360915,907.2,POINT (-118.1885025 34.0360915)
6037231720,4937,90037,Los Angeles,-118.284071,34.0074463,766.84,POINT (-118.284071 34.0074463)
6037185310,3113,90065,Los Angeles,-118.2226256,34.0922029,486.4,POINT (-118.2226256 34.0922029)
6037228410,3469,90011,Los Angeles,-118.2691132,34.01374,766.84,POINT (-118.2691132 34.01374)
6037186301,3074,90065,Los Angeles,-118.2404336,34.1223506,849.07,POINT (-118.2404336 34.1223506)
6037201700,5737,90032,Los Angeles,-118.1708887,34.0674315,843.46,POINT (-118.1708887 34.0674315)
6037209300,4684,90017,Los Angeles,-118.2683015,34.05073,766.84,POINT (-118.2683015 34.05073)
6037228710,3944,90011,Los Angeles,-118.2542903,33.9993679,766.84,POINT (-118.2542903 33.9993679)
6037209102,5734,90017,Los Angeles,-118.2675212,34.0551862,766.84,POINT (-118.2675212 34.0551862)
6037600303,3961,90044,Los Angeles,-118.2983324,33.9355949,371.35,POINT (-118.2983324 33.9355949)
6037531502,3339,90022,Los Angeles,-118.1708472,34.019891,671.34,POINT (-118.1708472 34.019891)
6037239502,3726,90001,Los Angeles,-118.2630441,33.9693296,766.84,POINT (-118.2630441 33.9693296)
6037228310,4518,90011,Los Angeles,-118.262416,34.011351,766.84,POINT (-118.262416 34.011351)
6037241110,3269,90061,Los Angeles,-118.2716976,33.936494,766.84,POINT (-118.2716976 33.936494)
6037540800,5313,90059,Los Angeles,-118.2557254,33.9176122,507.64,POINT (-118.2557254 33.9176122)
6037224020,2476,90007,Los Angeles,-118.2686568,34.0304827,766.84,POINT (-118.2686568 34.0304827)
6037207302,4556,90013,Los Angeles,-118.2477263,34.04755,766.84,POINT (-118.2477263 34.04755)
6037231900,5576,90037,Los Angeles,-118.2773419,33.9997716,766.84,POINT (-118.2773419 33.9997716)
6037237600,3902,90044,Los Angeles,-118.283872,33.9785135,766.84,POINT (-118.283872 33.9785135)
6037209104,2630,90017,Los Angeles,-118.2663761,34.0591782,766.84,POINT (-118.2663761 34.0591782)
6037191610,4208,90029,Los Angeles,-118.3059569,34.0863828,766.84,POINT (-118.3059569 34.0863828)
6037228220,4312,90011,Los Angeles,-118.2513193,34.0060455,766.84,POINT (-118.2513193 34.0060455)
6037238000,5886,90047,Los Angeles,-118.3097251,33.9472944,873.04,POINT (-118.3097251 33.9472944)
6037231710,3955,90037,Los Angeles,-118.2893576,34.0073136,766.84,POINT (-118.2893576 34.0073136)
6037209103,3708,90017,Los Angeles,-118.2640302,34.05711,766.84,POINT (-118.2640302 34.05711)
6037192610,4117,90004,Los Angeles,-118.2961539,34.081365,766.84,POINT (-118.2961539 34.081365)
6037234901,2967,90043,Los Angeles,-118.3286609,33.9817876,766.84,POINT (-118.3286609 33.9817876)
6037240401,6184,90044,Los Angeles,-118.2857119,33.949919,787.51,POINT (-118.2857119 33.949919)
6037218702,2120,90018,Los Angeles,-118.3337765,34.0334074,766.84,POINT (-118.3337765 34.0334074)
6037208720,4338,90057,Los Angeles,-118.2811045,34.0627628,766.84,POINT (-118.2811045 34.0627628)
6037199400,4396,90031,Los Angeles,-118.2093313,34.0896162,486.4,POINT (-118.2093313 34.0896162)
6037241300,2453,90044,Los Angeles,-118.2862377,33.9261331,766.84,POINT (-118.2862377 33.9261331)
6037219300,4163,90018,Los Angeles,-118.3318299,34.0267587,766.84,POINT (-118.3318299 34.0267587)
6037228500,5109,90011,Los Angeles,-118.2690648,34.0034919,766.84,POINT (-118.2690648 34.0034919)
6037219700,4563,90016,Los Angeles,-118.3490693,34.0277561,766.84,POINT (-118.3490693 34.0277561)
6037208402,2826,90026,Los Angeles,-118.266009,34.0683668,766.84,POINT (-118.266009 34.0683668)
6037239801,3586,90001,Los Angeles,-118.2629318,33.9660533,766.84,POINT (-118.2629318 33.9660533)
6037204200,3680,90033,Los Angeles,-118.2050757,34.0436195,710.9,POINT (-118.2050757 34.0436195)
6037231600,7278,90037,Los Angeles,-118.2980319,34.0072734,766.84,POINT (-118.2980319 34.0072734)
6037531902,4571,90022,Los Angeles,-118.1324571,34.0117799,804.35,POINT (-118.1324571 34.0117799)
6037228320,3081,90011,Los Angeles,-118.2636361,34.0078219,766.84,POINT (-118.2636361 34.0078219)
6037218900,6033,90018,Los Angeles,-118.3230172,34.0326941,766.84,POINT (-118.3230172 34.0326941)
6037531901,6160,90022,Los Angeles,-118.1423614,34.01324,785.84,POINT (-118.1423614 34.01324)
6037197700,5146,90012,Los Angeles,-118.2457754,34.0685435,766.84,POINT (-118.2457754 34.0685435)
6037231800,5080,90037,Los Angeles,-118.2774651,34.0074446,766.84,POINT (-118.2774651 34.0074446)
6037208802,3533,90057,Los Angeles,-118.2786688,34.0621454,766.84,POINT (-118.2786688 34.0621454)
6037237720,3753,90044,Los Angeles,-118.2861511,33.9692863,766.84,POINT (-118.2861511 33.9692863)
6037221601,3130,90007,Los Angeles,-118.2959265,34.0348166,766.84,POINT (-118.2959265 34.0348166)
6037195804,2600,90026,Los Angeles,-118.2728192,34.0787744,766.84,POINT (-118.2728192 34.0787744)
6037531102,3524,90063,Los Angeles,-118.1815818,34.0368392,674.82,POINT (-118.1815818 34.0368392)
6037237500,2990,90044,Los Angeles,-118.2893094,33.9783023,766.84,POINT (-118.2893094 33.9783023)
6037195720,2079,90026,Los Angeles,-118.2633783,34.0737627,766.84,POINT (-118.2633783 34.0737627)
6037232110,2890,90037,Los Angeles,-118.2893178,33.9994947,766.84,POINT (-118.2893178 33.9994947)
6037231210,3516,90037,Los Angeles,-118.2980282,34.0145285,766.84,POINT (-118.2980282 34.0145285)
6037228600,5125,90011,Los Angeles,-118.2608661,34.0036935,766.84,POINT (-118.2608661 34.0036935)
6037190802,2835,90028,Los Angeles,-118.3299158,34.0943604,766.84,POINT (-118.3299158 34.0943604)
6037237401,4086,90044,Los Angeles,-118.2948084,33.9784675,766.84,POINT (-118.2948084 33.9784675)
6037192700,3717,90004,Los Angeles,-118.2881064,34.0800134,766.84,POINT (-118.2881064 34.0800134)
6037207301,4806,90013,Los Angeles,-118.2516175,34.0465369,766.84,POINT (-118.2516175 34.0465369)
6037209402,3945,90057,Los Angeles,-118.277221,34.0546619,766.84,POINT (-118.277221 34.0546619)
6037602802,4360,90044,Los Angeles,-118.3003773,33.9201775,371.35,POINT (-118.3003773 33.9201775)
6037232200,3255,90037,Los Angeles,-118.2978735,34.0017243,766.84,POINT (-118.2978735 34.0017243)
6037600304,3905,90044,Los Angeles,-118.2940128,33.9353608,371.35,POINT (-118.2940128 33.9353608)
6037209401,4428,90057,Los Angeles,-118.2815247,34.0567212,766.84,POINT (-118.2815247 34.0567212)
6037190901,4429,90038,Los Angeles,-118.3124771,34.0944222,766.84,POINT (-118.3124771 34.0944222)
6037237710,4248,90044,Los Angeles,-118.2861364,33.9726959,766.84,POINT (-118.2861364 33.9726959)
6037237201,3582,90044,Los Angeles,-118.2991149,33.9857256,766.84,POINT (-118.2991149 33.9857256)
6037234902,3924,90043,Los Angeles,-118.3340918,33.9822575,802.37,POINT (-118.3340918 33.9822575)
6037600100,7156,90044,Los Angeles,-118.2956255,33.9551471,371.35,POINT (-118.2956255 33.9551471)
6037531202,4401,90023,Los Angeles,-118.1859277,34.0257388,791.48,POINT (-118.1859277 34.0257388)
6037232300,5616,90037,Los Angeles,-118.2981841,33.9974228,766.84,POINT (-118.2981841 33.9974228)
6037237102,3357,90044,Los Angeles,-118.2837235,33.9857553,766.84,POINT (-118.2837235 33.9857553)
6037530802,3157,90063,Los Angeles,-118.181318,34.052283,674.82,POINT (-118.181318 34.052283)
6037231220,4671,90037,Los Angeles,-118.2893753,34.0145635,766.84,POINT (-118.2893753 34.0145635)
6037208610,4441,90026,Los Angeles,-118.2817725,34.072159,766.84,POINT (-118.2817725 34.072159)
6037208502,3933,90057,Los Angeles,-118.2741645,34.066049,766.84,POINT (-118.2741645 34.066049)
6037209200,4356,90017,Los Angeles,-118.2610818,34.0542091,766.84,POINT (-118.2610818 34.0542091)
6037207502,2851,90071,Los Angeles,-118.253084,34.052707,766.84,POINT (-118.253084 34.052707)
6037221810,2811,90007,Los Angeles,-118.2923015,34.0306568,766.84,POINT (-118.2923015 34.0306568)
6037212304,1817,90005,Los Angeles,-118.2979144,34.0598537,766.84,POINT (-118.2979144 34.0598537)
6037232400,7322,90062,Los Angeles,-118.3108346,33.9993836,766.84,POINT (-118.3108346 33.9993836)
6037221500,4194,90018,Los Angeles,-118.3046372,34.0348455,766.84,POINT (-118.3046372 34.0348455)
6037209820,3262,90015,Los Angeles,-118.2782548,34.0472132,766.84,POINT (-118.2782548 34.0472132)
6037235202,4529,90043,Los Angeles,-118.330376,33.9730801,889.28,POINT (-118.330376 33.9730801)
6037208903,4212,90057,Los Angeles,-118.2733596,34.0597996,766.84,POINT (-118.2733596 34.0597996)
6037530302,6711,90022,Los Angeles,-118.1479458,34.0278115,794.35,POINT (-118.1479458 34.0278115)
6037201402,5149,90032,Los Angeles,-118.1877681,34.0689106,486.4,POINT (-118.1877681 34.0689106)
6037531201,5343,90063,Los Angeles,-118.1860673,34.0297365,791.67,POINT (-118.1860673 34.0297365)
6037234700,3482,90043,Los Angeles,-118.3276852,33.9872213,727.24,POINT (-118.3276852 33.9872213)
6037221402,2740,90018,Los Angeles,-118.3090474,34.0384431,766.84,POINT (-118.3090474 34.0384431)
6037229200,4648,90011,Los Angeles,-118.2608283,33.9982715,766.84,POINT (-118.2608283 33.9982715)
6037218210,3949,90019,Los Angeles,-118.3423056,34.0427907,766.84,POINT (-118.3423056 34.0427907)
6037201501,5356,90032,Los Angeles,-118.1646555,34.0865636,933.1,POINT (-118.1646555 34.0865636)
6037211202,2450,90004,Los Angeles,-118.294113,34.0745209,766.84,POINT (-118.294113 34.0745209)
6037203900,3179,90063,Los Angeles,-118.1944844,34.0333782,804.17,POINT (-118.1944844 34.0333782)
6037208902,2823,90017,Los Angeles,-118.2723721,34.0564462,766.84,POINT (-118.2723721 34.0564462)
6037209520,2821,90006,Los Angeles,-118.2769503,34.0505519,766.84,POINT (-118.2769503 34.0505519)
6037203200,5168,90033,Los Angeles,-118.1968646,34.0526028,486.4,POINT (-118.1968646 34.0526028)
6037209403,3844,90017,Los Angeles,-118.2738446,34.0531328,766.84,POINT (-118.2738446 34.0531328)
6037222200,3876,90018,Los Angeles,-118.3024156,34.0309167,766.84,POINT (-118.3024156 34.0309167)
6037197420,3580,90026,Los Angeles,-118.2571856,34.0832,766.84,POINT (-118.2571856 34.0832)
6037531603,3247,90022,Los Angeles,-118.1615136,34.0298023,674.82,POINT (-118.1615136 34.0298023)
6037237300,5387,90047,Los Angeles,-118.3110714,33.9782833,766.84,POINT (-118.3110714 33.9782833)
6037208620,4319,90057,Los Angeles,-118.2779829,34.069709,766.84,POINT (-118.2779829 34.069709)
6037531604,3758,90022,Los Angeles,-118.1623741,34.0238371,674.82,POINT (-118.1623741 34.0238371)
6037190520,3873,90027,Los Angeles,-118.3038048,34.0999328,766.84,POINT (-118.3038048 34.0999328)
6037191120,4068,90029,Los Angeles,-118.304794,34.0929287,766.84,POINT (-118.304794 34.0929287)
6037209810,2668,90006,Los Angeles,-118.2823449,34.0491173,766.84,POINT (-118.2823449 34.0491173)
6037530902,3858,90063,Los Angeles,-118.1810137,34.0445158,674.82,POINT (-118.1810137 34.0445158)
6037224420,2676,90007,Los Angeles,-118.2769037,34.0316495,766.84,POINT (-118.2769037 34.0316495)
6037190201,2533,90028,Los Angeles,-118.329714,34.1033578,766.84,POINT (-118.329714 34.1033578)
6037236202,5782,90008,Los Angeles,-118.3530792,34.0170719,766.84,POINT (-118.3530792 34.0170719)
6037207400,1384,90012,Los Angeles,-118.2466502,34.0561941,766.84,POINT (-118.2466502 34.0561941)
6037191410,4932,90029,Los Angeles,-118.2881169,34.0887621,766.84,POINT (-118.2881169 34.0887621)
6037213310,3492,90006,Los Angeles,-118.2978915,34.0508743,766.84,POINT (-118.2978915 34.0508743)
6037224320,3087,90015,Los Angeles,-118.280853,34.0415884,766.84,POINT (-118.280853 34.0415884)
6037277400,1263,90045,Los Angeles,-118.3743486,33.9490354,721.02,POINT (-118.3743486 33.9490354)
6037530301,2105,90022,Los Angeles,-118.155189,34.0294615,674.82,POINT (-118.155189 34.0294615)
6037212203,2978,90005,Los Angeles,-118.2903562,34.0597622,766.84,POINT (-118.2903562 34.0597622)
6037206031,3788,90021,Los Angeles,-118.2331623,34.0320283,871.53,POINT (-118.2331623 34.0320283)
6037218800,2852,90018,Los Angeles,-118.3230095,34.0377797,766.84,POINT (-118.3230095 34.0377797)
6037208801,2942,90057,Los Angeles,-118.2770843,34.059675,766.84,POINT (-118.2770843 34.059675)
6037600202,6952,90044,Los Angeles,-118.2991423,33.9426036,581.39,POINT (-118.2991423 33.9426036)
6037221710,2691,90007,Los Angeles,-118.2876316,34.0346981,766.84,POINT (-118.2876316 34.0346981)
6037210010,3712,90015,Los Angeles,-118.2723121,34.046851,766.84,POINT (-118.2723121 34.046851)
6037600201,4801,90044,Los Angeles,-118.2972695,33.9482522,663.64,POINT (-118.2972695 33.9482522)
6037195600,3178,90026,Los Angeles,-118.2655482,34.0808254,766.84,POINT (-118.2655482 34.0808254)
6037211921,2519,90020,Los Angeles,-118.292902,34.067232,766.84,POINT (-118.292902 34.067232)
6037238200,4994,90044,Los Angeles,-118.2979777,33.9634958,785.96,POINT (-118.2979777 33.9634958)
6037220000,5289,90016,Los Angeles,-118.3401928,34.0278406,766.84,POINT (-118.3401928 34.0278406)
6037221602,2919,90007,Los Angeles,-118.2921024,34.0384299,766.84,POINT (-118.2921024 34.0384299)
6037192510,3873,90004,Los Angeles,-118.3068568,34.079869,766.84,POINT (-118.3068568 34.079869)
6037221110,3837,90006,Los Angeles,-118.2878287,34.0457195,766.84,POINT (-118.2878287 34.0457195)
6037197500,3738,90026,Los Angeles,-118.2572428,34.0726632,766.84,POINT (-118.2572428 34.0726632)
6037234600,4622,90043,Los Angeles,-118.327561,33.9920177,735.85,POINT (-118.327561 33.9920177)
6037236100,5808,90008,Los Angeles,-118.3402132,34.0126393,755.25,POINT (-118.3402132 34.0126393)
6037221304,3548,90019,Los Angeles,-118.3146461,34.045362,766.84,POINT (-118.3146461 34.045362)
6037208301,2217,90026,Los Angeles,-118.2658492,34.0619781,766.84,POINT (-118.2658492 34.0619781)
6037195803,2724,90026,Los Angeles,-118.2769285,34.0818094,766.84,POINT (-118.2769285 34.0818094)
6037231500,5095,90062,Los Angeles,-118.3108266,34.0072777,766.84,POINT (-118.3108266 34.0072777)
6037224410,3167,90007,Los Angeles,-118.2799814,34.0351392,766.84,POINT (-118.2799814 34.0351392)
6037211310,3946,90004,Los Angeles,-118.298493,34.0709091,766.84,POINT (-118.298493 34.0709091)
6037234800,3476,90043,Los Angeles,-118.3220826,33.9818234,766.84,POINT (-118.3220826 33.9818234)
6037222600,5456,90007,Los Angeles,-118.295871,34.0218424,766.84,POINT (-118.295871 34.0218424)
6037277200,2424,90045,Los Angeles,-118.3822385,33.9526287,438.52,POINT (-118.3822385 33.9526287)
6037600302,2808,90047,Los Angeles,-118.3046455,33.935475,371.35,POINT (-118.3046455 33.935475)
6037203720,4237,90033,Los Angeles,-118.2031501,34.0468935,486.4,POINT (-118.2031501 34.0468935)
6037213202,3734,90006,Los Angeles,-118.3045035,34.0490294,766.84,POINT (-118.3045035 34.0490294)
6037191203,2466,90029,Los Angeles,-118.2939076,34.0931674,766.84,POINT (-118.2939076 34.0931674)
6037191301,2402,90029,Los Angeles,-118.2865853,34.0923345,766.84,POINT (-118.2865853 34.0923345)
6037231300,5444,90062,Los Angeles,-118.304538,34.0145164,766.84,POINT (-118.304538 34.0145164)
6037222001,3357,90018,Los Angeles,-118.3132805,34.0281954,766.84,POINT (-118.3132805 34.0281954)
6037199300,3665,90031,Los Angeles,-118.2003961,34.0941911,486.4,POINT (-118.2003961 34.0941911)
6037199120,4377,90031,Los Angeles,-118.1996896,34.0700703,693.15,POINT (-118.1996896 34.0700703)
6037211320,3195,90004,Los Angeles,-118.2941394,34.0708715,766.84,POINT (-118.2941394 34.0708715)
6037238100,4259,90047,Los Angeles,-118.3111989,33.963628,884.7,POINT (-118.3111989 33.963628)
6037190510,4240,90028,Los Angeles,-118.3113901,34.0999771,766.84,POINT (-118.3113901 34.0999771)
6037236204,2966,90008,Los Angeles,-118.3491896,34.0147165,766.84,POINT (-118.3491896 34.0147165)
6037213201,4330,90006,Los Angeles,-118.3045301,34.0526559,766.84,POINT (-118.3045301 34.0526559)
6037211922,3522,90020,Los Angeles,-118.2953981,34.0672221,766.84,POINT (-118.2953981 34.0672221)
6037218300,5354,90019,Los Angeles,-118.3548171,34.0427467,766.84,POINT (-118.3548171 34.0427467)
6037238400,4801,90047,Los Angeles,-118.3089917,33.9563491,940.55,POINT (-118.3089917 33.9563491)
6037208904,4114,90057,Los Angeles,-118.2700929,34.0595681,766.84,POINT (-118.2700929 34.0595681)
6037201401,4814,90032,Los Angeles,-118.1854971,34.078195,486.4,POINT (-118.1854971 34.078195)
6037231400,4656,90062,Los Angeles,-118.3129995,34.0145548,766.84,POINT (-118.3129995 34.0145548)
6037213402,4933,90006,Los Angeles,-118.2878882,34.0498405,766.84,POINT (-118.2878882 34.0498405)
6037199202,2993,90031,Los Angeles,-118.2032952,34.0812835,486.4,POINT (-118.2032952 34.0812835)
6037219010,3003,90018,Los Angeles,-118.3229262,34.0276144,766.84,POINT (-118.3229262 34.0276144)
6037191302,2073,90027,Los Angeles,-118.2884036,34.0962277,766.84,POINT (-118.2884036 34.0962277)
6037217200,3993,90019,Los Angeles,-118.3424594,34.049584,766.84,POINT (-118.3424594 34.049584)
6037218120,4652,90019,Los Angeles,-118.3206759,34.0435631,766.84,POINT (-118.3206759 34.0435631)
6037201301,4069,90032,Los Angeles,-118.1878082,34.0882239,486.4,POINT (-118.1878082 34.0882239)
6037600400,4140,90047,Los Angeles,-118.3140872,33.9369542,371.35,POINT (-118.3140872 33.9369542)
6037191204,2156,90029,Los Angeles,-118.2982812,34.0930661,766.84,POINT (-118.2982812 34.0930661)
6037207101,4068,90012,Los Angeles,-118.2448177,34.0612027,766.84,POINT (-118.2448177 34.0612027)
6037213320,2474,90006,Los Angeles,-118.2937,34.050883,766.84,POINT (-118.2937 34.050883)
6037204120,2960,90063,Los Angeles,-118.201168,34.0338905,486.4,POINT (-118.201168 34.0338905)
6037221820,2316,90007,Los Angeles,-118.2864985,34.0304526,766.84,POINT (-118.2864985 34.0304526)
6037191000,4621,90028,Los Angeles,-118.321677,34.1009548,766.84,POINT (-118.321677 34.1009548)
6037201601,2282,90032,Los Angeles,-118.1774624,34.0726971,486.4,POINT (-118.1774624 34.0726971)
6037209510,3004,90006,Los Angeles,-118.2819584,34.0529626,766.84,POINT (-118.2819584 34.0529626)
6037191201,4352,90027,Los Angeles,-118.2961735,34.0985767,766.84,POINT (-118.2961735 34.0985767)
6037224700,6456,90007,Los Angeles,-118.280016,34.0262403,766.84,POINT (-118.280016 34.0262403)
6037186404,2816,90065,Los Angeles,-118.2354293,34.1067595,486.4,POINT (-118.2354293 34.1067595)
6037218600,3009,90016,Los Angeles,-118.3427412,34.0371852,766.84,POINT (-118.3427412 34.0371852)
6037211201,2547,90004,Los Angeles,-118.2984693,34.0745294,766.84,POINT (-118.2984693 34.0745294)
6037201602,2780,90032,Los Angeles,-118.1678921,34.07715,486.4,POINT (-118.1678921 34.07715)
6037221302,5028,90019,Los Angeles,-118.3114921,34.0417457,766.84,POINT (-118.3114921 34.0417457)
6037221120,3145,90006,Los Angeles,-118.2878972,34.0421001,766.84,POINT (-118.2878972 34.0421001)
6037219020,4940,90018,Los Angeles,-118.3226729,34.0222083,766.84,POINT (-118.3226729 34.0222083)
6037213401,5285,90006,Los Angeles,-118.2879026,34.0537069,766.84,POINT (-118.2879026 34.0537069)
6037188100,3963,90039,Los Angeles,-118.2703438,34.1366071,803.57,POINT (-118.2703438 34.1366071)
6037221900,3802,90007,Los Angeles,-118.2895621,34.0267694,766.84,POINT (-118.2895621 34.0267694)
6037222002,5066,90018,Los Angeles,-118.3132782,34.0218914,766.84,POINT (-118.3132782 34.0218914)
6037190902,3835,90038,Los Angeles,-118.319013,34.094395,766.84,POINT (-118.319013 34.094395)
6037531800,5137,90022,Los Angeles,-118.1391833,34.0186986,793.08,POINT (-118.1391833 34.0186986)
6037232600,6339,90037,Los Angeles,-118.2979984,33.9920924,766.84,POINT (-118.2979984 33.9920924)
6037187200,2968,90039,Los Angeles,-118.2473892,34.1036004,823.21,POINT (-118.2473892 34.1036004)
6037222100,4226,90018,Los Angeles,-118.3023777,34.027317,766.84,POINT (-118.3023777 34.027317)
6037237402,3234,90047,Los Angeles,-118.3013342,33.9784618,766.84,POINT (-118.3013342 33.9784618)
6037208401,4479,90057,Los Angeles,-118.2691298,34.0637659,766.84,POINT (-118.2691298 34.0637659)
6037531701,5421,90022,Los Angeles,-118.1520851,34.0216887,673.81,POINT (-118.1520851 34.0216887)
6037212204,3383,90005,Los Angeles,-118.2865323,34.0598252,766.84,POINT (-118.2865323 34.0598252)
6037235201,2676,90043,Los Angeles,-118.3221148,33.9745535,802.25,POINT (-118.3221148 33.9745535)
6037192520,5298,90004,Los Angeles,-118.3024972,34.0799255,766.84,POINT (-118.3024972 34.0799255)
6037221303,2844,90006,Los Angeles,-118.3084384,34.0453825,766.84,POINT (-118.3084384 34.0453825)
6037237800,3664,90044,Los Angeles,-118.2981214,33.9709601,766.84,POINT (-118.2981214 33.9709601)
6037201120,4035,90032,Los Angeles,-118.1636768,34.0949515,782.87,POINT (-118.1636768 34.0949515)
6037183810,4406,90042,Los Angeles,-118.1978495,34.107365,486.4,POINT (-118.1978495 34.107365)
6037212800,3778,90019,Los Angeles,-118.3305985,34.0518662,766.84,POINT (-118.3305985 34.0518662)
6037190700,2841,90028,Los Angeles,-118.3336722,34.0986626,766.84,POINT (-118.3336722 34.0986626)
6037211122,3224,90004,Los Angeles,-118.2892234,34.0726794,766.84,POINT (-118.2892234 34.0726794)
6037530901,3519,90063,Los Angeles,-118.1886037,34.0432749,793.73,POINT (-118.1886037 34.0432749)
6037236203,3181,90016,Los Angeles,-118.3467706,34.0184552,766.84,POINT (-118.3467706 34.0184552)
6037197300,4080,90026,Los Angeles,-118.2520467,34.0811373,766.84,POINT (-118.2520467 34.0811373)
6037192420,4101,90004,Los Angeles,-118.3113323,34.0798801,766.84,POINT (-118.3113323 34.0798801)
6037221220,3659,90006,Los Angeles,-118.2960214,34.0435737,766.84,POINT (-118.2960214 34.0435737)
6037216900,5100,90019,Los Angeles,-118.3631083,34.0499363,766.84,POINT (-118.3631083 34.0499363)
6037702803,3167,90066,Los Angeles,-118.4325909,33.9954427,438.52,POINT (-118.4325909 33.9954427)
6037197200,3831,90031,Los Angeles,-118.2343586,34.0907632,815.35,POINT (-118.2343586 34.0907632)
6037269601,3406,90034,Los Angeles,-118.3794518,34.0418546,766.84,POINT (-118.3794518 34.0418546)
6037211410,2805,90004,Los Angeles,-118.3073155,34.0726142,766.84,POINT (-118.3073155 34.0726142)
6037186302,5442,90065,Los Angeles,-118.228857,34.1126744,486.4,POINT (-118.228857 34.1126744)
6037234502,2945,90043,Los Angeles,-118.3244227,34.0018666,717.3,POINT (-118.3244227 34.0018666)
6037234501,2744,90043,Los Angeles,-118.3244351,33.9974948,728.63,POINT (-118.3244351 33.9974948)
6037190401,2863,90027,Los Angeles,-118.3027866,34.1035718,766.84,POINT (-118.3027866 34.1035718)
6037212701,2389,90019,Los Angeles,-118.3193139,34.0543037,766.84,POINT (-118.3193139 34.0543037)
6037211120,5738,90020,Los Angeles,-118.2877775,34.0652365,766.84,POINT (-118.2877775 34.0652365)
6037217100,6326,90019,Los Angeles,-118.3545296,34.0489658,766.84,POINT (-118.3545296 34.0489658)
6037269700,3616,90034,Los Angeles,-118.387153,34.036336,727.09,POINT (-118.387153 34.036336)
6037224310,2449,90006,Los Angeles,-118.2827213,34.044384,766.84,POINT (-118.2827213 34.044384)
6037237900,4517,90047,Los Angeles,-118.3111925,33.9709293,877.48,POINT (-118.3111925 33.9709293)
6037189201,3370,90027,Los Angeles,-118.2961605,34.1035829,766.84,POINT (-118.2961605 34.1035829)
6037213100,3000,90019,Los Angeles,-118.3126928,34.0506364,766.84,POINT (-118.3126928 34.0506364)
6037218701,2448,90016,Los Angeles,-118.3333058,34.0373889,766.84,POINT (-118.3333058 34.0373889)
6037211804,3212,90020,Los Angeles,-118.3066067,34.0671619,766.84,POINT (-118.3066067 34.0671619)
6037218220,3929,90019,Los Angeles,-118.3348919,34.0434012,766.84,POINT (-118.3348919 34.0434012)
6037212303,3966,90005,Los Angeles,-118.2935144,34.0597633,766.84,POINT (-118.2935144 34.0597633)
6037183620,3245,90042,Los Angeles,-118.1898523,34.115176,486.4,POINT (-118.1898523 34.115176)
6037199110,2643,90032,Los Angeles,-118.197404,34.0793615,486.4,POINT (-118.197404 34.0793615)
6037191710,2734,90038,Los Angeles,-118.3192272,34.0855323,766.84,POINT (-118.3192272 34.0855323)
6037212202,3484,90005,Los Angeles,-118.2879321,34.0563658,766.84,POINT (-118.2879321 34.0563658)
6037211703,4490,90020,Los Angeles,-118.311582,34.0671467,766.84,POINT (-118.311582 34.0671467)
6037183820,4023,90042,Los Angeles,-118.1971252,34.1039592,486.4,POINT (-118.1971252 34.1039592)
6037204110,3299,90063,Los Angeles,-118.1987145,34.0387869,486.4,POINT (-118.1987145 34.0387869)
6037183103,4508,90042,Los Angeles,-118.1749059,34.1156486,779.89,POINT (-118.1749059 34.1156486)
6037201503,3446,90032,Los Angeles,-118.1739007,34.0851726,486.4,POINT (-118.1739007 34.0851726)
6037190100,4603,90028,Los Angeles,-118.3416948,34.0994853,766.84,POINT (-118.3416948 34.0994853)
6037203710,3161,90033,Los Angeles,-118.2009322,34.0498932,486.4,POINT (-118.2009322 34.0498932)
6037191420,3423,90029,Los Angeles,-118.2881029,34.0851215,766.84,POINT (-118.2881029 34.0851215)
6037221210,3230,90006,Los Angeles,-118.3028633,34.0436623,766.84,POINT (-118.3028633 34.0436623)
6037197600,2194,90026,Los Angeles,-118.2519864,34.0683315,766.84,POINT (-118.2519864 34.0683315)
6037212900,4340,90019,Los Angeles,-118.3215149,34.0494541,766.84,POINT (-118.3215149 34.0494541)
6037211910,4403,90020,Los Angeles,-118.2985036,34.0672078,766.84,POINT (-118.2985036 34.0672078)
6037235100,4487,90043,Los Angeles,-118.3463239,33.9852423,893.27,POINT (-118.3463239 33.9852423)
6037201200,2720,90032,Los Angeles,-118.1785407,34.0887082,486.4,POINT (-118.1785407 34.0887082)
6037183520,3787,90042,Los Angeles,-118.2015849,34.1109412,486.4,POINT (-118.2015849 34.1109412)
6037270300,2543,90034,Los Angeles,-118.3718243,34.0405392,766.84,POINT (-118.3718243 34.0405392)
6037191110,3476,90027,Los Angeles,-118.3049408,34.0965841,766.84,POINT (-118.3049408 34.0965841)
6037195903,2165,90026,Los Angeles,-118.2824401,34.0808128,766.84,POINT (-118.2824401 34.0808128)
6037267300,4788,90025,Los Angeles,-118.4496946,34.045202,438.52,POINT (-118.4496946 34.045202)
6037188300,3955,90039,Los Angeles,-118.2647639,34.1207814,486.4,POINT (-118.2647639 34.1207814)
6037219500,1777,90016,Los Angeles,-118.3405648,34.0209191,766.84,POINT (-118.3405648 34.0209191)
6037183610,3434,90042,Los Angeles,-118.1948974,34.1140024,486.4,POINT (-118.1948974 34.1140024)
6037201504,2243,90032,Los Angeles,-118.173792,34.080828,486.4,POINT (-118.173792 34.080828)
6037187101,3267,90039,Los Angeles,-118.2602407,34.1160806,486.4,POINT (-118.2602407 34.1160806)
6037191820,3095,90038,Los Angeles,-118.3277048,34.0852963,766.84,POINT (-118.3277048 34.0852963)
6037234300,3940,90008,Los Angeles,-118.329022,34.0073786,722.47,POINT (-118.329022 34.0073786)
6037271200,2734,90064,Los Angeles,-118.4420039,34.0313917,438.52,POINT (-118.4420039 34.0313917)
6037222500,5444,90018,Los Angeles,-118.3045508,34.0218497,766.84,POINT (-118.3045508 34.0218497)
6037211420,3452,90004,Los Angeles,-118.3029424,34.0726364,766.84,POINT (-118.3029424 34.0726364)
6037190402,2405,90027,Los Angeles,-118.3071514,34.1035491,766.84,POINT (-118.3071514 34.1035491)
6037212102,2301,90010,Los Angeles,-118.2984976,34.0635726,766.84,POINT (-118.2984976 34.0635726)
6037218110,3296,90019,Los Angeles,-118.3275531,34.0443254,766.84,POINT (-118.3275531 34.0443254)
6037208501,2388,90026,Los Angeles,-118.2719463,34.0695316,766.84,POINT (-118.2719463 34.0695316)
6037212305,3126,90005,Los Angeles,-118.2981624,34.0561038,766.84,POINT (-118.2981624 34.0561038)
6037234000,5156,90008,Los Angeles,-118.3214867,34.0120868,766.84,POINT (-118.3214867 34.0120868)
6037700102,4306,90046,Los Angeles,-118.3538978,34.0892775,766.84,POINT (-118.3538978 34.0892775)
6037234200,2361,90018,Los Angeles,-118.3311523,34.0164074,766.84,POINT (-118.3311523 34.0164074)
6037183101,3437,90042,Los Angeles,-118.1823583,34.1222377,837.72,POINT (-118.1823583 34.1222377)
6037212306,3366,90005,Los Angeles,-118.2940727,34.056128,766.84,POINT (-118.2940727 34.056128)
6037201110,2214,90032,Los Angeles,-118.1743334,34.0948042,835.84,POINT (-118.1743334 34.0948042)
6037222700,4199,90007,Los Angeles,-118.2856809,34.0209197,766.84,POINT (-118.2856809 34.0209197)
6037206020,8666,90012,Los Angeles,-118.2311153,34.0571168,766.84,POINT (-118.2311153 34.0571168)
6037236000,4373,90008,Los Angeles,-118.3623219,34.0122748,709.76,POINT (-118.3623219 34.0122748)
6037195902,1807,90026,Los Angeles,-118.2791664,34.0871531,766.84,POINT (-118.2791664 34.0871531)
6037188202,2334,90027,Los Angeles,-118.2797464,34.1163982,823.46,POINT (-118.2797464 34.1163982)
6037216200,5494,90019,Los Angeles,-118.3482415,34.0571243,766.84,POINT (-118.3482415 34.0571243)
6037212410,4378,90005,Los Angeles,-118.3022262,34.0595607,766.84,POINT (-118.3022262 34.0595607)
6037236400,4462,90008,Los Angeles,-118.3512616,34.0067001,743.42,POINT (-118.3512616 34.0067001)
6037189902,5117,90046,Los Angeles,-118.3490051,34.0961801,766.84,POINT (-118.3490051 34.0961801)
6037195300,3222,90027,Los Angeles,-118.2836893,34.0992506,766.84,POINT (-118.2836893 34.0992506)
6037195901,2088,90029,Los Angeles,-118.2823148,34.0887786,766.84,POINT (-118.2823148 34.0887786)
6037212610,3896,90005,Los Angeles,-118.3138698,34.0598448,766.84,POINT (-118.3138698 34.0598448)
6037185202,3729,90065,Los Angeles,-118.2170631,34.0950598,486.4,POINT (-118.2170631 34.0950598)
6037207710,4350,90017,Los Angeles,-118.2616851,34.0468661,766.84,POINT (-118.2616851 34.0468661)
6037189202,2325,90027,Los Angeles,-118.2957566,34.1113224,766.84,POINT (-118.2957566 34.1113224)
6037190202,3328,90028,Los Angeles,-118.3355353,34.1034022,766.84,POINT (-118.3355353 34.1034022)
6037267403,3117,90025,Los Angeles,-118.456577,34.0475447,438.52,POINT (-118.456577 34.0475447)
6037270200,3120,90034,Los Angeles,-118.3797742,34.0328855,730.08,POINT (-118.3797742 34.0328855)
6037208710,4622,90057,Los Angeles,-118.2825413,34.0657276,766.84,POINT (-118.2825413 34.0657276)
6037203800,4941,90063,Los Angeles,-118.1955756,34.0449856,486.4,POINT (-118.1955756 34.0449856)
6037212420,3539,90005,Los Angeles,-118.3019777,34.0560876,766.84,POINT (-118.3019777 34.0560876)
6037275200,3826,90066,Los Angeles,-118.4198974,33.9953352,438.52,POINT (-118.4198974 33.9953352)
6037197410,4552,90026,Los Angeles,-118.2504362,34.0929176,766.84,POINT (-118.2504362 34.0929176)
6037187300,3479,90039,Los Angeles,-118.2567268,34.1016085,818.27,POINT (-118.2567268 34.1016085)
6037703200,5645,90043,Los Angeles,-118.3401633,33.9985885,675.75,POINT (-118.3401633 33.9985885)
6037211802,4463,90010,Los Angeles,-118.3047254,34.0635374,766.84,POINT (-118.3047254 34.0635374)
6037207501,2252,90012,Los Angeles,-118.2529675,34.0564422,766.84,POINT (-118.2529675 34.0564422)
6037189102,3283,90027,Los Angeles,-118.2884331,34.1126008,766.84,POINT (-118.2884331 34.1126008)
6037191901,2841,90038,Los Angeles,-118.3383611,34.0906829,766.84,POINT (-118.3383611 34.0906829)
6037188201,3548,90027,Los Angeles,-118.2723964,34.1124175,818.57,POINT (-118.2723964 34.1124175)
6037702802,2397,90066,Los Angeles,-118.4165623,34.0053553,441.51,POINT (-118.4165623 34.0053553)
6037190301,5650,90028,Los Angeles,-118.315197,34.1037946,766.84,POINT (-118.315197 34.1037946)
6037189101,2410,90027,Los Angeles,-118.288505,34.1047367,766.84,POINT (-118.288505 34.1047367)
6037267700,3269,90025,Los Angeles,-118.4441611,34.0387144,438.52,POINT (-118.4441611 34.0387144)
6037267600,2929,90025,Los Angeles,-118.4524492,34.0340912,438.52,POINT (-118.4524492 34.0340912)
6037195500,5600,90026,Los Angeles,-118.2646124,34.0881864,766.84,POINT (-118.2646124 34.0881864)
6037207900,6133,90015,Los Angeles,-118.2601678,34.0405276,766.84,POINT (-118.2601678 34.0405276)
6037267501,6489,90025,Los Angeles,-118.4560691,34.0413355,438.52,POINT (-118.4560691 34.0413355)
6037181000,6523,90041,Los Angeles,-118.2043862,34.1452669,665.87,POINT (-118.2043862 34.1452669)
6037183220,4022,90042,Los Angeles,-118.1892861,34.1199723,486.4,POINT (-118.1892861 34.1199723)
6037700101,5265,90046,Los Angeles,-118.3524483,34.0925747,766.84,POINT (-118.3524483 34.0925747)
6037183701,3789,90042,Los Angeles,-118.1878598,34.1093059,486.4,POINT (-118.1878598 34.1093059)
6037189903,2009,90046,Los Angeles,-118.3477123,34.1025152,766.84,POINT (-118.3477123 34.1025152)
6037211500,4049,90004,Los Angeles,-118.3152596,34.0724565,766.84,POINT (-118.3152596 34.0724565)
6037216700,3882,90035,Los Angeles,-118.371949,34.0482451,766.84,POINT (-118.371949 34.0482451)
6037211803,3403,90020,Los Angeles,-118.3022323,34.067188,766.84,POINT (-118.3022323 34.067188)
6037270100,4583,90034,Los Angeles,-118.3959685,34.0273439,438.52,POINT (-118.3959685 34.0273439)
6037269903,3596,90034,Los Angeles,-118.4064763,34.0209031,592.99,POINT (-118.4064763 34.0209031)
6037214503,3413,90036,Los Angeles,-118.3541156,34.0668419,766.84,POINT (-118.3541156 34.0668419)
6037183702,2906,90042,Los Angeles,-118.1836835,34.1048444,869.48,POINT (-118.1836835 34.1048444)
6037272301,3097,90066,Los Angeles,-118.4222404,34.0050155,400.08,POINT (-118.4222404 34.0050155)
6037212620,4230,90005,Los Angeles,-118.3130597,34.0563607,766.84,POINT (-118.3130597 34.0563607)
6037192001,2410,90046,Los Angeles,-118.3472967,34.0852271,766.84,POINT (-118.3472967 34.0852271)
6037214501,2806,90036,Los Angeles,-118.3578948,34.0712362,766.84,POINT (-118.3578948 34.0712362)
6037267502,3601,90025,Los Angeles,-118.4621616,34.0375502,544.68,POINT (-118.4621616 34.0375502)
6037211121,2186,90004,Los Angeles,-118.2854106,34.0730101,766.84,POINT (-118.2854106 34.0730101)
6037267800,2680,90064,Los Angeles,-118.4306811,34.03958,438.52,POINT (-118.4306811 34.03958)
6037703100,5935,90043,Los Angeles,-118.3546187,33.9930805,745.45,POINT (-118.3546187 33.9930805)
6037212101,3165,90020,Los Angeles,-118.2941415,34.0635956,766.84,POINT (-118.2941415 34.0635956)
6037192410,3757,90004,Los Angeles,-118.3181008,34.0798577,766.84,POINT (-118.3181008 34.0798577)
6037181300,4058,90041,Los Angeles,-118.2236529,34.1360845,866.81,POINT (-118.2236529 34.1360845)
6037211704,2943,90020,Los Angeles,-118.3115783,34.0635115,766.84,POINT (-118.3115783 34.0635115)
6037186100,5024,90065,Los Angeles,-118.2299818,34.1284623,843.54,POINT (-118.2299818 34.1284623)
6037189800,3923,90046,Los Angeles,-118.3590366,34.0982925,741.29,POINT (-118.3590366 34.0982925)
6037183510,2612,90042,Los Angeles,-118.2030827,34.1154022,486.4,POINT (-118.2030827 34.1154022)
6037703001,6288,90056,Los Angeles,-118.3818632,33.9970127,608.45,POINT (-118.3818632 33.9970127)
6037269602,2847,90034,Los Angeles,-118.384482,34.0432688,766.84,POINT (-118.384482 34.0432688)
6037189904,2402,90046,Los Angeles,-118.3467929,34.0997191,766.84,POINT (-118.3467929 34.0997191)
6037212501,1912,90005,Los Angeles,-118.3053637,34.05607,766.84,POINT (-118.3053637 34.05607)
6037269800,3123,90034,Los Angeles,-118.3968111,34.032045,438.52,POINT (-118.3968111 34.032045)
6037214000,3971,90036,Los Angeles,-118.348502,34.0748535,766.84,POINT (-118.348502 34.0748535)
6037267404,3340,90025,Los Angeles,-118.4605333,34.0456314,438.52,POINT (-118.4605333 34.0456314)
6037183300,3256,90042,Los Angeles,-118.2008163,34.1210001,486.4,POINT (-118.2008163 34.1210001)
6037189500,4151,90068,Los Angeles,-118.3212809,34.1084106,766.84,POINT (-118.3212809 34.1084106)
6037271801,3300,90034,Los Angeles,-118.4182534,34.0167232,438.52,POINT (-118.4182534 34.0167232)
6037214502,5375,90036,Los Angeles,-118.3504042,34.0680052,766.84,POINT (-118.3504042 34.0680052)
6037700200,7082,90046,Los Angeles,-118.365303,34.0924899,741.16,POINT (-118.365303 34.0924899)
6037216401,3920,90035,Los Angeles,-118.3797435,34.0566897,791.71,POINT (-118.3797435 34.0566897)
6037186202,1953,90065,Los Angeles,-118.2241897,34.1200291,486.4,POINT (-118.2241897 34.1200291)
6037183402,2994,90041,Los Angeles,-118.2164099,34.1257206,486.4,POINT (-118.2164099 34.1257206)
6037181500,3918,90041,Los Angeles,-118.1928507,34.1347808,659.44,POINT (-118.1928507 34.1347808)
6037189905,2402,90046,Los Angeles,-118.3515882,34.100603,766.84,POINT (-118.3515882 34.100603)
6037181400,4669,90041,Los Angeles,-118.2088736,34.1367194,486.4,POINT (-118.2088736 34.1367194)
6037189600,3787,90068,Los Angeles,-118.3297619,34.1113557,766.84,POINT (-118.3297619 34.1113557)
6037212702,3684,90005,Los Angeles,-118.3261907,34.0585147,766.84,POINT (-118.3261907 34.0585147)
6037192002,2596,90036,Los Angeles,-118.3553201,34.0835415,766.84,POINT (-118.3553201 34.0835415)
6037211701,2744,90020,Los Angeles,-118.3184531,34.0653405,766.84,POINT (-118.3184531 34.0653405)
6037216800,3191,90035,Los Angeles,-118.3706043,34.0557841,766.84,POINT (-118.3706043 34.0557841)
6037271901,3267,90066,Los Angeles,-118.4246723,34.0128357,438.52,POINT (-118.4246723 34.0128357)
6037195202,3315,90027,Los Angeles,-118.2785412,34.1029474,766.84,POINT (-118.2785412 34.1029474)
6037267402,4941,90025,Los Angeles,-118.4659262,34.042074,510.77,POINT (-118.4659262 34.042074)
6037269907,2825,90034,Los Angeles,-118.4067099,34.0280469,438.52,POINT (-118.4067099 34.0280469)
6037215101,2851,90036,Los Angeles,-118.3535529,34.0636762,766.84,POINT (-118.3535529 34.0636762)
6037183401,2322,90042,Los Angeles,-118.2092262,34.1216662,486.4,POINT (-118.2092262 34.1216662)
6037271300,4075,90064,Los Angeles,-118.4413454,34.0259653,572.11,POINT (-118.4413454 34.0259653)
6037265305,3788,90024,Los Angeles,-118.4490226,34.0626943,438.52,POINT (-118.4490226 34.0626943)
6037276100,5758,90045,Los Angeles,-118.3730208,33.9759315,796.21,POINT (-118.3730208 33.9759315)
6037217002,4709,90035,Los Angeles,-118.3804933,34.0495333,744.57,POINT (-118.3804933 34.0495333)
6037183222,3459,90041,Los Angeles,-118.1973377,34.1291804,486.4,POINT (-118.1973377 34.1291804)
6037214700,2541,90048,Los Angeles,-118.3661529,34.0664969,766.84,POINT (-118.3661529 34.0664969)
6037183221,3584,90042,Los Angeles,-118.1909386,34.1254321,486.4,POINT (-118.1909386 34.1254321)
6037212502,2589,90005,Los Angeles,-118.3069674,34.0586417,766.84,POINT (-118.3069674 34.0586417)
6037216100,2261,90019,Los Angeles,-118.3379721,34.0569256,766.84,POINT (-118.3379721 34.0569256)
6037195201,3106,90027,Los Angeles,-118.2785167,34.1087422,766.84,POINT (-118.2785167 34.1087422)
6037216402,2757,90035,Los Angeles,-118.3804364,34.0611535,795.11,POINT (-118.3804364 34.0611535)
6037265304,2865,90024,Los Angeles,-118.451161,34.0677546,438.52,POINT (-118.451161 34.0677546)
6037265303,4889,90024,Los Angeles,-118.4534107,34.067274,438.52,POINT (-118.4534107 34.067274)
6037278001,2493,90045,Los Angeles,-118.4012,33.9569112,438.52,POINT (-118.4012 33.9569112)
6037183104,2226,90042,Los Angeles,-118.1723137,34.1236781,847.92,POINT (-118.1723137 34.1236781)
6037185204,1979,90065,Los Angeles,-118.22326,34.1029039,486.4,POINT (-118.22326 34.1029039)
6037265510,4786,90024,Los Angeles,-118.4426278,34.0564831,438.52,POINT (-118.4426278 34.0564831)
6037214400,2991,90036,Los Angeles,-118.3573276,34.0781666,766.84,POINT (-118.3573276 34.0781666)
6037272202,3549,90066,Los Angeles,-118.4391488,33.9975533,438.52,POINT (-118.4391488 33.9975533)
6037191902,2671,90038,Los Angeles,-118.3388222,34.0837728,766.84,POINT (-118.3388222 34.0837728)
6037703002,7210,90056,Los Angeles,-118.3729521,33.9875024,734.3,POINT (-118.3729521 33.9875024)
6037195400,4474,90026,Los Angeles,-118.2740532,34.0916921,766.84,POINT (-118.2740532 34.0916921)
6037214800,2966,90048,Los Angeles,-118.3730515,34.0713896,766.84,POINT (-118.3730515 34.0713896)
6037272302,4423,90066,Los Angeles,-118.4274418,34.0021096,438.52,POINT (-118.4274418 34.0021096)
6037185100,6677,90065,Los Angeles,-118.2103941,34.1048825,486.4,POINT (-118.2103941 34.1048825)
6037189701,3200,90068,Los Angeles,-118.3345237,34.1319418,977.04,POINT (-118.3345237 34.1319418)
6037194500,1969,90048,Los Angeles,-118.3695958,34.0781753,766.84,POINT (-118.3695958 34.0781753)
6037189702,2090,90068,Los Angeles,-118.3410171,34.1124841,730.06,POINT (-118.3410171 34.1124841)
6037214901,3418,90048,Los Angeles,-118.3872385,34.0742811,797.23,POINT (-118.3872385 34.0742811)
6037269905,2577,90034,Los Angeles,-118.4018807,34.0218574,592.23,POINT (-118.4018807 34.0218574)
6037214902,2772,90048,Los Angeles,-118.3800927,34.0729596,788.7,POINT (-118.3800927 34.0729596)
6037215102,3025,90036,Los Angeles,-118.3456014,34.0649905,766.84,POINT (-118.3456014 34.0649905)
6037265202,3792,90024,Los Angeles,-118.4411825,34.0619002,438.52,POINT (-118.4411825 34.0619002)
6037277100,3115,90045,Los Angeles,-118.3783824,33.9652241,501.94,POINT (-118.3783824 33.9652241)
6037271100,2500,90064,Los Angeles,-118.4268131,34.0339126,438.52,POINT (-118.4268131 34.0339126)
6037189300,3130,90068,Los Angeles,-118.3093146,34.1112674,766.84,POINT (-118.3093146 34.1112674)
6037267901,2314,90067,Los Angeles,-118.4137159,34.056456,492.21,POINT (-118.4137159 34.056456)
6037265700,4866,90024,Los Angeles,-118.4236856,34.0632,438.52,POINT (-118.4236856 34.0632)
6037214100,3921,90036,Los Angeles,-118.3392739,34.0746639,766.84,POINT (-118.3392739 34.0746639)
6037272201,2736,90066,Los Angeles,-118.4341265,34.0003832,438.52,POINT (-118.4341265 34.0003832)
6037216300,4952,90036,Los Angeles,-118.3622105,34.0599709,787.46,POINT (-118.3622105 34.0599709)
6037181600,4666,90041,Los Angeles,-118.2097406,34.1297234,486.4,POINT (-118.2097406 34.1297234)
6037264301,5575,90049,Los Angeles,-118.4642912,34.0509979,438.52,POINT (-118.4642912 34.0509979)
6037267200,6365,90025,Los Angeles,-118.4372057,34.0456465,438.52,POINT (-118.4372057 34.0456465)
6037265602,2874,90024,Los Angeles,-118.434157,34.0602409,438.52,POINT (-118.434157 34.0602409)
6037217001,2922,90035,Los Angeles,-118.38703,34.0523836,717.29,POINT (-118.38703 34.0523836)
6037271701,5777,90034,Los Angeles,-118.4192255,34.027115,438.52,POINT (-118.4192255 34.027115)
6037269906,3102,90034,Los Angeles,-118.4031746,34.0249593,438.52,POINT (-118.4031746 34.0249593)
6037265410,1533,90049,Los Angeles,-118.4644168,34.066976,438.52,POINT (-118.4644168 34.066976)
6037271600,4694,90066,Los Angeles,-118.4304607,34.0210549,438.52,POINT (-118.4304607 34.0210549)
6037271702,3999,90034,Los Angeles,-118.4259054,34.0251282,438.52,POINT (-118.4259054 34.0251282)
6037265201,2623,90024,Los Angeles,-118.4364091,34.0668274,438.52,POINT (-118.4364091 34.0668274)
6037186201,3437,90041,Los Angeles,-118.2188456,34.1213123,486.4,POINT (-118.2188456 34.1213123)
6037192300,2475,90004,Los Angeles,-118.3284923,34.079743,766.84,POINT (-118.3284923 34.079743)
6037201302,4287,90042,Los Angeles,-118.1838819,34.097882,486.4,POINT (-118.1838819 34.097882)
6037276500,5570,90045,Los Angeles,-118.4180348,33.9665412,438.52,POINT (-118.4180348 33.9665412)
6037211000,5055,90020,Los Angeles,-118.3317418,34.0677859,766.84,POINT (-118.3317418 34.0677859)
6037271802,5720,90034,Los Angeles,-118.4124738,34.0198929,438.52,POINT (-118.4124738 34.0198929)
6037269904,4039,90034,Los Angeles,-118.411879,34.027809,438.52,POINT (-118.411879 34.027809)
6037267902,3568,90064,Los Angeles,-118.4201983,34.0475522,438.52,POINT (-118.4201983 34.0475522)
6037700901,3495,90035,Los Angeles,-118.3853968,34.064565,424.18,POINT (-118.3853968 34.064565)
6037700400,5529,90048,Los Angeles,-118.3811478,34.0812987,741.17,POINT (-118.3811478 34.0812987)
6037195100,5013,90039,Los Angeles,-118.2669741,34.1022274,766.84,POINT (-118.2669741 34.1022274)
6037275602,10539,90094,Los Angeles,-118.4172475,33.9769997,438.52,POINT (-118.4172475 33.9769997)
6037275311,5627,90066,Los Angeles,-118.4233089,33.9882746,438.52,POINT (-118.4233089 33.9882746)
6037264103,2708,90049,Los Angeles,-118.4662763,34.0549771,438.52,POINT (-118.4662763 34.0549771)
6037272100,4678,90066,Los Angeles,-118.4422881,34.0037101,438.52,POINT (-118.4422881 34.0037101)
6037186203,3303,90065,Los Angeles,-118.2153417,34.1150031,486.4,POINT (-118.2153417 34.1150031)
6037267100,7123,90025,Los Angeles,-118.4245499,34.0525736,438.52,POINT (-118.4245499 34.0525736)
6037271902,4030,90066,Los Angeles,-118.4316771,34.0096289,438.52,POINT (-118.4316771 34.0096289)
6037277000,5436,90045,Los Angeles,-118.4003336,33.9713675,438.52,POINT (-118.4003336 33.9713675)
6037275400,3942,90066,Los Angeles,-118.4391729,33.9906137,438.52,POINT (-118.4391729 33.9906137)
6037214600,2520,90048,Los Angeles,-118.3656444,34.0727874,766.84,POINT (-118.3656444 34.0727874)
6037276604,4417,90045,Los Angeles,-118.4248557,33.9571656,438.52,POINT (-118.4248557 33.9571656)
6037265520,4894,90024,Los Angeles,-118.4423998,34.0513698,438.52,POINT (-118.4423998 34.0513698)
6037271400,3753,90066,Los Angeles,-118.4473996,34.0100779,589.08,POINT (-118.4473996 34.0100779)
6037276000,5561,90045,Los Angeles,-118.3890198,33.9691783,438.52,POINT (-118.3890198 33.9691783)
6037264000,3137,90049,Los Angeles,-118.4815022,34.0545499,709.47,POINT (-118.4815022 34.0545499)
6037194101,3343,90046,Los Angeles,-118.3530199,34.1114184,720.29,POINT (-118.3530199 34.1114184)
6037276400,4075,90045,Los Angeles,-118.4095017,33.9668881,438.52,POINT (-118.4095017 33.9668881)
6037194401,2490,90046,Los Angeles,-118.3642238,34.0843098,766.84,POINT (-118.3642238 34.0843098)
6037269100,4067,90035,Los Angeles,-118.3948253,34.0530704,416.61,POINT (-118.3948253 34.0530704)
6037265601,3493,90024,Los Angeles,-118.4327259,34.0558599,438.52,POINT (-118.4327259 34.0558599)
6037143700,3916,90068,Los Angeles,-118.3567733,34.1291853,722.13,POINT (-118.3567733 34.1291853)
6037194102,3365,90046,Los Angeles,-118.3650891,34.116659,702.64,POINT (-118.3650891 34.116659)
6037269300,4075,90064,Los Angeles,-118.4122005,34.0444598,438.52,POINT (-118.4122005 34.0444598)
6037264102,2826,90049,Los Angeles,-118.4693771,34.0595085,438.52,POINT (-118.4693771 34.0595085)
6037194200,3489,90046,Los Angeles,-118.3749964,34.1035086,701.7,POINT (-118.3749964 34.1035086)
6037265100,2528,90024,Los Angeles,-118.4288483,34.0737147,489.49,POINT (-118.4288483 34.0737147)
6037264302,6078,90049,Los Angeles,-118.4768543,34.0472018,744.19,POINT (-118.4768543 34.0472018)
6037269000,5019,90064,Los Angeles,-118.404305,34.043325,489.98,POINT (-118.404305 34.043325)
6037269500,3929,90034,Los Angeles,-118.3938372,34.0434085,657.6,POINT (-118.3938372 34.0434085)
6037271500,3192,90066,Los Angeles,-118.4382414,34.0166822,579.13,POINT (-118.4382414 34.0166822)
6037189400,3247,90068,Los Angeles,-118.3211428,34.1200812,766.84,POINT (-118.3211428 34.1200812)
6037262200,4779,90077,Los Angeles,-118.4698011,34.1017214,680.74,POINT (-118.4698011 34.1017214)
6037262303,3188,90049,Los Angeles,-118.4868492,34.0660696,667.5,POINT (-118.4868492 34.0660696)
6037262301,2749,90049,Los Angeles,-118.4912444,34.0918293,815.12,POINT (-118.4912444 34.0918293)
6037262100,2844,90077,Los Angeles,-118.4570806,34.1085369,733.51,POINT (-118.4570806 34.1085369)
6037261200,4341,90077,Los Angeles,-118.4418058,34.1132765,734.74,POINT (-118.4418058 34.1132765)
6037265420,1908,90049,Los Angeles,-118.4594426,34.0704417,438.52,POINT (-118.4594426 34.0704417)
6037262302,2976,90049,Los Angeles,-118.4768353,34.0751025,675.02,POINT (-118.4768353 34.0751025)
6037262400,3076,90049,Los Angeles,-118.508627,34.0918093,834.31,POINT (-118.508627 34.0918093)
6037265301,11235,90024,Los Angeles,-118.4454343,34.0710687,438.52,POINT (-118.4454343 34.0710687)
6037532400,52,90058,Los Angeles,-118.2109137,34.0029371,710.7,POINT (-118.2109137 34.0029371)
6037701100,1096,90049,Los Angeles,-118.4570058,34.0575852,438.52,POINT (-118.4570058 34.0575852)
6037980009,5,90027,Los Angeles,-118.3009695,34.1412655,766.84,POINT (-118.3009695 34.1412655)
6037980010,189,90012,Los Angeles,-118.2393993,34.0786561,766.84,POINT (-118.2393993 34.0786561)
6037980028,0,90045,Los Angeles,-118.417488,33.942108,485.18,POINT (-118.417488 33.942108)